IRRADIATION,DC_POWER
0.0,0.0
0.0,0.0
0.0,0.0
0.0,0.0
0.0,0.0
0.0,0.0
0.0,0.0
0.0,0.0
0.0,0.0
0.0,0.0
0.0,0.0
0.0,0.0
0.0,0.0
0.0,0.0
0.0,0.0
0.0,0.0
0.0,0.0
0.0,0.0
0.0,0.0
0.0,0.0
0.0,0.0
0.0,0.0
0.0,0.0
0.0,0.0
0.0,0.0
0.0,0.0
0.0,0.0
0.0,0.0
0.0,0.0
0.0,0.0
0.0,0.0
0.0,0.0
0.0,0.0
0.0,0.0
0.0,0.0
0.0,0.0
0.0,0.0
0.0,0.0
0.0,0.0
0.0,0.0
0.0,0.0
0.0,0.0
0.0,0.0
0.0,0.0
0.0,0.0
0.0,0.0
0.0,0.0
0.0,0.0
0.0,0.0
0.0,0.0
0.0,0.0
0.0,0.0
0.0,0.0
0.0,0.0
0.0,0.0
0.0,0.0
0.0,0.0
0.0,0.0
0.0,0.0
0.0,0.0
0.0,0.0
0.0,0.0
0.0,0.0
0.0,0.0
0.0,0.0
0.0,0.0
0.0,0.0
0.0,0.0
0.0,0.0
0.0,0.0
0.0,0.0
0.0,0.0
0.0,0.0
0.0,0.0
0.0,0.0
0.0,0.0
0.0,0.0
0.0,0.0
0.0,0.0
0.0,0.0
0.0,0.0
0.0,0.0
0.0,0.0
0.0,0.0
0.0,0.0
0.0,0.0
0.0,0.0
0.0,0.0
0.0,0.0
0.0,0.0
0.0,0.0
0.0,0.0
0.0,0.0
0.0,0.0
0.0,0.0
0.0,0.0
0.0,0.0
0.0,0.0
0.0,0.0
0.0,0.0
0.0,0.0
0.0,0.0
0.0,0.0
0.0,0.0
0.0,0.0
0.0,0.0
0.0,0.0
0.0,0.0
0.0,0.0
0.0,0.0
0.0,0.0
0.0,0.0
0.0,0.0
0.0,0.0
0.0,0.0
0.0,0.0
0.0,0.0
0.0,0.0
0.0,0.0
0.0,0.0
0.0,0.0
0.0,0.0
0.0,0.0
0.0,0.0
0.0,0.0
0.0,0.0
0.0,0.0
0.0,0.0
0.0,0.0
0.0,0.0
0.0,0.0
0.0,0.0
0.0,0.0
0.0,0.0
0.0,0.0
0.0,0.0
0.0,0.0
0.0,0.0
0.0,0.0
0.0,0.0
0.0,0.0
0.0,0.0
0.0,0.0
0.0,0.0
0.0,0.0
0.0,0.0
0.0,0.0
0.0,0.0
0.0,0.0
0.0,0.0
0.0,0.0
0.0,0.0
0.0,0.0
0.0,0.0
0.0,0.0
0.0,0.0
0.0,0.0
0.0,0.0
0.0,0.0
0.0,0.0
0.0,0.0
0.0,0.0
0.0,0.0
0.0,0.0
0.0,0.0
0.0,0.0
0.0,0.0
0.0,0.0
0.0,0.0
0.0,0.0
0.0,0.0
0.0,0.0
0.0,0.0
0.0,0.0
0.0,0.0
0.0,0.0
0.0,0.0
0.0,0.0
0.0,0.0
0.0,0.0
0.0,0.0
0.0,0.0
0.0,0.0
0.0,0.0
0.0,0.0
0.0,0.0
0.0,0.0
0.0,0.0
0.0,0.0
0.0,0.0
0.0,0.0
0.0,0.0
0.0,0.0
0.0,0.0
0.0,0.0
0.0,0.0
0.0,0.0
0.0,0.0
0.0,0.0
0.0,0.0
0.0,0.0
0.0,0.0
0.0,0.0
0.0,0.0
0.0,0.0
0.0,0.0
0.0,0.0
0.0,0.0
0.0,0.0
0.0,0.0
0.0,0.0
0.0,0.0
0.0,0.0
0.0,0.0
0.0,0.0
0.0,0.0
0.0,0.0
0.0,0.0
0.0,0.0
0.0,0.0
0.0,0.0
0.0,0.0
0.0,0.0
0.0,0.0
0.0,0.0
0.0,0.0
0.0,0.0
0.0,0.0
0.0,0.0
0.0,0.0
0.0,0.0
0.0,0.0
0.0,0.0
0.0,0.0
0.0,0.0
0.0,0.0
0.0,0.0
0.0,0.0
0.0,0.0
0.0,0.0
0.0,0.0
0.0,0.0
0.0,0.0
0.0,0.0
0.0,0.0
0.0,0.0
0.0,0.0
0.0,0.0
0.0,0.0
0.0,0.0
0.0,0.0
0.0,0.0
0.0,0.0
0.0,0.0
0.0,0.0
0.0,0.0
0.0,0.0
0.0,0.0
0.0,0.0
0.0,0.0
0.0,0.0
0.0,0.0
0.0,0.0
0.0,0.0
0.0,0.0
0.0,0.0
0.0,0.0
0.0,0.0
0.0,0.0
0.0,0.0
0.0,0.0
0.0,0.0
0.0,0.0
0.0,0.0
0.0,0.0
0.0,0.0
0.0,0.0
0.0,0.0
0.0,0.0
0.0,0.0
0.0,0.0
0.0,0.0
0.0,0.0
0.0,0.0
0.0,0.0
0.0,0.0
0.0,0.0
0.0,0.0
0.0,0.0
0.0,0.0
0.0,0.0
0.0,0.0
0.0,0.0
0.0,0.0
0.0,0.0
0.0,0.0
0.0,0.0
0.0,0.0
0.0,0.0
0.0,0.0
0.0,0.0
0.0,0.0
0.0,0.0
0.0,0.0
0.0,0.0
0.0,0.0
0.0,0.0
0.0,0.0
0.0,0.0
0.0,0.0
0.0,0.0
0.0,0.0
0.0,0.0
0.0,0.0
0.0,0.0
0.0,0.0
0.0,0.0
0.0,0.0
0.0,0.0
0.0,0.0
0.0,0.0
0.0,0.0
0.0,0.0
0.0,0.0
0.0,0.0
0.0,0.0
0.0,0.0
0.0,0.0
0.0,0.0
0.0,0.0
0.0,0.0
0.0,0.0
0.0,0.0
0.0,0.0
0.0,0.0
0.0,0.0
0.0,0.0
0.0,0.0
0.0,0.0
0.0,0.0
0.0,0.0
0.0,0.0
0.0,0.0
0.0,0.0
0.0,0.0
0.0,0.0
0.0,0.0
0.0,0.0
0.0,0.0
0.0,0.0
0.0,0.0
0.0,0.0
0.0,0.0
0.0,0.0
0.0,0.0
0.0,0.0
0.0,0.0
0.0,0.0
0.0,0.0
0.0,0.0
0.0,0.0
0.0,0.0
0.0,0.0
0.0,0.0
0.0,0.0
0.0,0.0
0.0,0.0
0.0,0.0
0.0,0.0
0.0,0.0
0.0,0.0
0.0,0.0
0.0,0.0
0.0,0.0
0.0,0.0
0.0,0.0
0.0,0.0
0.0,0.0
0.0,0.0
0.0,0.0
0.0,0.0
0.0,0.0
0.0,0.0
0.0,0.0
0.0,0.0
0.0,0.0
0.0,0.0
0.0,0.0
0.0,0.0
0.0,0.0
0.0,0.0
0.0,0.0
0.0,0.0
0.0,0.0
0.0,0.0
0.0,0.0
0.0,0.0
0.0,0.0
0.0,0.0
0.0,0.0
0.0,0.0
0.0,0.0
0.0,0.0
0.0,0.0
0.0,0.0
0.0,0.0
0.0,0.0
0.0,0.0
0.0,0.0
0.0,0.0
0.0,0.0
0.0,0.0
0.0,0.0
0.0,0.0
0.0,0.0
0.0,0.0
0.0,0.0
0.0,0.0
0.0,0.0
0.0,0.0
0.0,0.0
0.0,0.0
0.0,0.0
0.0,0.0
0.0,0.0
0.0,0.0
0.0,0.0
0.0,0.0
0.0,0.0
0.0,0.0
0.0,0.0
0.0,0.0
0.0,0.0
0.0,0.0
0.0,0.0
0.0,0.0
0.0,0.0
0.0,0.0
0.0,0.0
0.0,0.0
0.0,0.0
0.0,0.0
0.0,0.0
0.0,0.0
0.0,0.0
0.0,0.0
0.0,0.0
0.0,0.0
0.0,0.0
0.0,0.0
0.0,0.0
0.0,0.0
0.0,0.0
0.0,0.0
0.0,0.0
0.0,0.0
0.0,0.0
0.0,0.0
0.0,0.0
0.0,0.0
0.0,0.0
0.0,0.0
0.0,0.0
0.0,0.0
0.0,0.0
0.0,0.0
0.0,0.0
0.0,0.0
0.0,0.0
0.0,0.0
0.0,0.0
0.0,0.0
0.0,0.0
0.0,0.0
0.0,0.0
0.0,0.0
0.0,0.0
0.0,0.0
0.0,0.0
0.0,0.0
0.0,0.0
0.0,0.0
0.0,0.0
0.0,0.0
0.0,0.0
0.0,0.0
0.0,0.0
0.0,0.0
0.0,0.0
0.0,0.0
0.0,0.0
0.0,0.0
0.0,0.0
0.0,0.0
0.0,0.0
0.0,0.0
0.0,0.0
0.0,0.0
0.0,0.0
0.0,0.0
0.0,0.0
0.0,0.0
0.0,0.0
0.0,0.0
0.0,0.0
0.0,0.0
0.0,0.0
0.0,0.0
0.0,0.0
0.0,0.0
0.0,0.0
0.0,0.0
0.0,0.0
0.0,0.0
0.0,0.0
0.0,0.0
0.0,0.0
0.0,0.0
0.0,0.0
0.0,0.0
0.0,0.0
0.0,0.0
0.0,0.0
0.0,0.0
0.0,0.0
0.0,0.0
0.0,0.0
0.0,0.0
0.0,0.0
0.0,0.0
0.0,0.0
0.0,0.0
0.0,0.0
0.0,0.0
0.0,0.0
0.0,0.0
0.0,0.0
0.0,0.0
0.0,0.0
0.0,0.0
0.0,0.0
0.0,0.0
0.0,0.0
0.0,0.0
0.0,0.0
0.0,0.0
0.0,0.0
0.0,0.0
0.0,0.0
0.0,0.0
0.0,0.0
0.0,0.0
0.0,0.0
0.0,0.0
0.0,0.0
0.0,0.0
0.0,0.0
0.0,0.0
0.0,0.0
0.0,0.0
0.0,0.0
0.0,0.0
0.0,0.0
0.0,0.0
0.0,0.0
0.0,0.0
0.0,0.0
0.0,0.0
0.0,0.0
0.0,0.0
0.0,0.0
0.0,0.0
0.0,0.0
0.0,0.0
0.0,0.0
0.0,0.0
0.0,0.0
0.0,0.0
0.0,0.0
0.0,0.0
0.0,0.0
0.0,0.0
0.0,0.0
0.0,0.0
0.0,0.0
0.0,0.0
0.0,0.0
0.0,0.0
0.0,0.0
0.0,0.0
0.0,0.0
0.0,0.0
0.0,0.0
0.0,0.0
0.0,0.0
0.0,0.0
0.0,0.0
0.0,0.0
0.0,0.0
0.0,0.0
0.0,0.0
0.0,0.0
0.0,0.0
0.0,0.0
0.0,0.0
0.0,0.0
0.0,0.0
0.0,0.0
0.0,0.0
0.0,0.0
0.0,0.0
0.0,0.0
0.0,0.0
0.0,0.0
0.0,0.0
0.0,0.0
0.0,0.0
0.0,0.0
0.0,0.0
0.0,0.0
0.0,0.0
0.0,0.0
0.0,0.0
0.0,0.0
0.0,0.0
0.0,0.0
0.0,0.0
0.0,0.0
0.0,0.0
0.0,0.0
0.0,0.0
0.0,0.0
0.0,0.0
0.0,0.0
0.0,0.0
0.0,0.0
0.0,0.0
0.0,0.0
0.0,0.0
0.0,0.0
0.0,0.0
0.0,0.0
0.0,0.0
0.0,0.0
0.0,0.0
0.0,0.0
0.0,0.0
0.0,0.0
0.0,0.0
0.0,0.0
0.0,0.0
0.0,0.0
0.0,0.0
0.0,0.0
0.0,0.0
0.0,0.0
0.0,0.0
0.0,0.0
0.0,0.0
0.0,0.0
0.0,0.0
0.0,0.0
0.0,0.0
0.0,0.0
0.0,0.0
0.0,0.0
0.0,0.0
0.0,0.0
0.0,0.0
0.0,0.0
0.0,0.0
0.0,0.0
0.0,0.0
0.0,0.0
0.0,0.0
0.0,0.0
0.0,0.0
0.0,0.0
0.0,0.0
0.0,0.0
0.0,0.0
0.0,0.0
0.0,0.0
0.0,0.0
0.0,0.0
0.0,0.0
0.0,0.0
0.0,0.0
0.0,0.0
0.0,0.0
0.0,0.0
0.0,0.0
0.0,0.0
0.0,0.0
0.0,0.0
0.0,0.0
0.0,0.0
0.0,0.0
0.0,0.0
0.0,0.0
0.0,0.0
0.0,0.0
0.0,0.0
0.0,0.0
0.0,0.0
0.0,0.0
0.0,0.0
0.0,0.0
0.0,0.0
0.0,0.0
0.0,0.0
0.0,0.0
0.0,0.0
0.0,0.0
0.0,0.0
0.0,0.0
0.0,0.0
0.0,0.0
0.0,0.0
0.0,0.0
0.0,0.0
0.0,0.0
0.0,0.0
0.0,0.0
0.0,0.0
0.0,0.0
0.0,0.0
0.0,0.0
0.0,0.0
0.0,0.0
0.0,0.0
0.0,0.0
0.0,0.0
0.0,0.0
0.0,0.0
0.0,0.0
0.0,0.0
0.0,0.0
0.0,0.0
0.0,0.0
0.0,0.0
0.0,0.0
0.0,0.0
0.0,0.0
0.0,0.0
0.0,0.0
0.0,0.0
0.0,0.0
0.0,0.0
0.0,0.0
0.0,0.0
0.0,0.0
0.0,0.0
0.0,0.0
0.0,0.0
0.0,0.0
0.0,0.0
0.0,0.0
0.0,0.0
0.0,0.0
0.0,0.0
0.0,0.0
0.0,0.0
0.0,0.0
0.0,0.0
0.0,0.0
0.0,0.0
0.0,0.0
0.0,0.0
0.0,0.0
0.0,0.0
0.0,0.0
0.0,0.0
0.0,0.0
0.0,0.0
0.0,0.0
0.0,0.0
0.0,0.0
0.0,0.0
0.0,0.0
0.0,0.0
0.0,0.0
0.0,0.0
0.0,0.0
0.0,0.0
0.0,0.0
0.0,0.0
0.0,0.0
0.0,0.0
0.0,0.0
0.0,0.0
0.0,0.0
0.0,0.0
0.0,0.0
0.0,0.0
0.0,0.0
0.0,0.0
0.0,0.0
0.0,0.0
0.0,0.0
0.0,0.0
0.0,0.0
0.0,0.0
0.0,0.0
0.0,0.0
0.0,0.0
0.0,0.0
0.0,0.0
0.0,0.0
0.0,0.0
0.0,0.0
0.0,0.0
0.0,0.0
0.0,0.0
0.0,0.0
0.0,0.0
0.0,0.0
0.0,0.0
0.0,0.0
0.0,0.0
0.0,0.0
0.0,0.0
0.0,0.0
0.0,0.0
0.0,0.0
0.0,0.0
0.0,0.0
0.0,0.0
0.0,0.0
0.0,0.0
0.0,0.0
0.0,0.0
0.0,0.0
0.0,0.0
0.0,0.0
0.0,0.0
0.0,0.0
0.0,0.0
0.0,0.0
0.0,0.0
0.0,0.0
0.0,0.0
0.0,0.0
0.0,0.0
0.0,0.0
0.0,0.0
0.0,0.0
0.0,0.0
0.0,0.0
0.0,0.0
0.0,0.0
0.0,0.0
0.0,0.0
0.0,0.0
0.0,0.0
0.0,0.0
0.0,0.0
0.0,0.0
0.0,0.0
0.0,0.0
0.0,0.0
0.0,0.0
0.0,0.0
0.0,0.0
0.0,0.0
0.0,0.0
0.0,0.0
0.0,0.0
0.0,0.0
0.0,0.0
0.0,0.0
0.0,0.0
0.0,0.0
0.0,0.0
0.0,0.0
0.0,0.0
0.0,0.0
0.0,0.0
0.0,0.0
0.0,0.0
0.0,0.0
0.0,0.0
0.0,0.0
0.0,0.0
0.0,0.0
0.0,0.0
0.0,0.0
0.0,0.0
0.0,0.0
0.0,0.0
0.0,0.0
0.0,0.0
0.0,0.0
0.0,0.0
0.0,0.0
0.0,0.0
0.0,0.0
0.0,0.0
0.0,0.0
0.0,0.0
0.0,0.0
0.0,0.0
0.0,0.0
0.0,0.0
0.0,0.0
0.0,0.0
0.0,0.0
0.0,0.0
0.0,0.0
0.0,0.0
0.0,0.0
0.0,0.0
0.0,0.0
0.0,0.0
0.0,0.0
0.0,0.0
0.0,0.0
0.0,0.0
0.0,0.0
0.0,0.0
0.0,0.0
0.0,0.0
0.0,0.0
0.0,0.0
0.0,0.0
0.0,0.0
0.0,0.0
0.0,0.0
0.0,0.0
0.0,0.0
0.0,0.0
0.0,0.0
0.0,0.0
0.0,0.0
0.0,0.0
0.0,0.0
0.0,0.0
0.0,0.0
0.0,0.0
0.0,0.0
0.0,0.0
0.0,0.0
0.0,0.0
0.0,0.0
0.0,0.0
0.0,0.0
0.0,0.0
0.0,0.0
0.0,0.0
0.0,0.0
0.0,0.0
0.0,0.0
0.0,0.0
0.0,0.0
0.0,0.0
0.0,0.0
0.0,0.0
0.0,0.0
0.0,0.0
0.0,0.0
0.0,0.0
0.0,0.0
0.0,0.0
0.0,0.0
0.0,0.0
0.0,0.0
0.0,0.0
0.0,0.0
0.0,0.0
0.0,0.0
0.0,0.0
0.0,0.0
0.0,0.0
0.0,0.0
0.0,0.0
0.0,0.0
0.0,0.0
0.0,0.0
0.0,0.0
0.0,0.0
0.0,0.0
0.0,0.0
0.0,0.0
0.0,0.0
0.0,0.0
0.0,0.0
0.0,0.0
0.0,0.0
0.0,0.0
0.0,0.0
0.0,0.0
0.0,0.0
0.0,0.0
0.0,0.0
0.0,0.0
0.0,0.0
0.0,0.0
0.0,0.0
0.0,0.0
0.0,0.0
0.0,0.0
0.0,0.0
0.0,0.0
0.0,0.0
0.0,0.0
0.0,0.0
0.0,0.0
0.0,0.0
0.0,0.0
0.0,0.0
0.0,0.0
0.0,0.0
0.0,0.0
0.0,0.0
0.0,0.0
0.0,0.0
0.0,0.0
0.0,0.0
0.0,0.0
0.0,0.0
0.0,0.0
0.0,0.0
0.0,0.0
0.0,0.0
0.0,0.0
0.0,0.0
0.0,0.0
0.0,0.0
0.0,0.0
0.0,0.0
0.0,0.0
0.0,0.0
0.0,0.0
0.0,0.0
0.0,0.0
0.0,0.0
0.0,0.0
0.0,0.0
0.0,0.0
0.0,0.0
0.0,0.0
0.0,0.0
0.0,0.0
0.0,0.0
0.0,0.0
0.0,0.0
0.0,0.0
0.0,0.0
0.0,0.0
0.0,0.0
0.0,0.0
0.0,0.0
0.0,0.0
0.0,0.0
0.0,0.0
0.0,0.0
0.0,0.0
0.0,0.0
0.0,0.0
0.0,0.0
0.0,0.0
0.0,0.0
0.0,0.0
0.0,0.0
0.0,0.0
0.0,0.0
0.0,0.0
0.0,0.0
0.0,0.0
0.0,0.0
0.0,0.0
0.0,0.0
0.0,0.0
0.0,0.0
0.0,0.0
0.0,0.0
0.0,0.0
0.0,0.0
0.0,0.0
0.0,0.0
0.0,0.0
0.0,0.0
0.0,0.0
0.0,0.0
0.0,0.0
0.0,0.0
0.0,0.0
0.0,0.0
0.0,0.0
0.0,0.0
0.0,0.0
0.0,0.0
0.0,0.0
0.0,0.0
0.0,0.0
0.0,0.0
0.0,0.0
0.0,0.0
0.0,0.0
0.0,0.0
0.0,0.0
0.0,0.0
0.0,0.0
0.0,0.0
0.0,0.0
0.0,0.0
0.0,0.0
0.0,0.0
0.0,0.0
0.0,0.0
0.0,0.0
0.0,0.0
0.0,0.0
0.0,0.0
0.0,0.0
0.0,0.0
0.0,0.0
0.0,0.0
0.0,0.0
0.0,0.0
0.0,0.0
0.0,0.0
0.0,0.0
0.0,0.0
0.0,0.0
0.0,0.0
0.0,0.0
0.0,0.0
0.0,0.0
0.0,0.0
0.0,0.0
0.0,0.0
0.0,0.0
0.0,0.0
0.0,0.0
0.0,0.0
0.0,0.0
0.0,0.0
0.0,0.0
0.0,0.0
0.0,0.0
0.0,0.0
0.0,0.0
0.0,0.0
0.0,0.0
0.0,0.0
0.0,0.0
0.0,0.0
0.0,0.0
0.0,0.0
0.0,0.0
0.0,0.0
0.0,0.0
0.0,0.0
0.0,0.0
0.0,0.0
0.0,0.0
0.0,0.0
0.0,0.0
0.0,0.0
0.0,0.0
0.0,0.0
0.0,0.0
0.0,0.0
0.0,0.0
0.0,0.0
0.0,0.0
0.0,0.0
0.0,0.0
0.0,0.0
0.0,0.0
0.0,0.0
0.0,0.0
0.0,0.0
0.0,0.0
0.0,0.0
0.0,0.0
0.0,0.0
0.0,0.0
0.0,0.0
0.0,0.0
0.0,0.0
0.0,0.0
0.0,0.0
0.0,0.0
0.0,0.0
0.0,17.282857142857143
0.0,0.0
0.0,0.0
0.0,0.0
0.0,0.0
0.0,0.0
0.0,0.0
0.0,0.0
0.0,0.0
0.0,0.0
0.0,0.0
0.0,0.0
0.0,0.0
0.0,0.0
0.0,0.0
0.0,0.0
0.0,0.0
0.0,0.0
0.0,0.0
0.0,0.0
0.0,0.0
0.0,0.0
0.0,0.0
0.0,0.0
0.0,0.0
0.0,0.0
0.0,0.0
0.0,0.0
0.0,0.0
0.0,0.0
0.0,0.0
0.0,0.0
0.0,0.0
0.0,0.0
0.0,0.0
0.0,0.0
0.0,0.0
0.0,0.0
0.0,0.0
0.0,0.0
0.0,0.0
0.0,0.0
0.0,0.0
0.0,0.0
0.0,0.0
0.0,0.0
0.0,0.0
0.0,0.0
0.0,0.0
0.0,0.0
0.0,0.0
0.0,0.0
0.0,0.0
0.0,0.0
0.0,0.0
0.0,0.0
0.0,0.0
0.0,0.0
0.0,0.0
0.0,0.0
0.0,0.0
0.0,0.0
0.0,0.0
0.0,0.0
0.0,0.0
0.0,0.0
0.0,0.0
0.0,0.0
0.0,0.0
0.0,0.0
0.0,0.0
0.0,0.0
0.0,0.0
0.0,0.0
0.0,0.0
0.0,0.0
0.0,0.0
0.0,0.0
0.0,0.0
0.0,0.0
0.0,0.0
0.0,0.0
0.0,0.0
0.0,0.0
0.0,0.0
0.0,0.0
0.0,0.0
0.0,0.0
0.0,0.0
0.0,0.0
0.0,0.0
0.0,0.0
0.0,0.0
0.0,0.0
0.0,0.0
0.0,0.0
0.0,0.0
0.0,0.0
0.0,0.0
0.0,0.0
0.0,0.0
0.0,0.0
0.0,0.0
0.0,0.0
0.0,0.0
0.0,0.0
0.0,0.0
0.0,0.0
0.0,0.0
0.0,0.0
0.0,0.0
0.0,0.0
0.0,0.0
0.0,0.0
0.0,0.0
0.0,0.0
0.0,0.0
0.0,0.0
0.0,0.0
0.0,0.0
0.0,0.0
0.0,0.0
0.0,0.0
0.0,0.0
0.0,0.0
0.0,0.0
0.0,0.0
0.0,0.0
0.0,0.0
0.0,0.0
0.0,0.0
0.0,0.0
0.0,0.0
0.0,0.0
0.0,0.0
0.0,0.0
0.0,0.0
0.0,0.0
0.0,0.0
0.0,0.0
0.0,0.0
0.0,0.0
0.0,0.0
0.0,0.0
0.0,0.0
0.0,0.0
0.0,0.0
0.0,0.0
0.0,0.0
0.0,0.0
0.0,0.0
0.0,0.0
0.0,0.0
0.0,0.0
0.0,0.0
0.0,0.0
0.0,0.0
0.0,0.0
0.0,0.0
0.0,0.0
0.0,0.0
0.0,0.0
0.0,0.0
0.0,0.0
0.0,0.0
0.0,0.0
0.0,0.0
0.0,0.0
0.0,0.0
0.0,0.0
0.0,0.0
0.0,0.0
0.0,0.0
0.0,0.0
0.0,0.0
0.0,0.0
0.0,0.0
0.0,0.0
0.0,0.0
0.0,0.0
0.0,0.0
0.0,0.0
0.0,0.0
0.0,0.0
0.0,0.0
0.0,0.0
0.0,0.0
0.0,0.0
0.0,0.0
0.0,0.0
0.0,0.0
0.0,0.0
0.0,0.0
0.0,0.0
0.0,0.0
0.0,0.0
0.0,0.0
0.0,0.0
0.0,0.0
0.0,0.0
0.0,0.0
0.0,0.0
0.0,0.0
0.0,0.0
0.0,0.0
0.0,0.0
0.0,0.0
0.0,0.0
0.0,0.0
0.0,0.0
0.0,0.0
1.2796612e-06,0.0
1.3237111379310342e-06,0.0
2.5593588666666667e-06,0.0
3.8386380000000014e-06,0.0
3.8390480000000005e-06,0.0
3.970162241379312e-06,0.0
3.971212344827586e-06,0.0
3.971314896551726e-06,0.0
6.3984133333333324e-06,0.0
6.618351724137934e-06,0.0
7.678045999999997e-06,0.0
7.678095999999998e-06,0.0
7.940190241379313e-06,0.0
8.954930733333335e-06,0.0
8.957014266666669e-06,0.0
8.957066999999999e-06,0.0
2.046810833333333e-05,0.0
2.431302433333333e-05,0.0
2.558505556666667e-05,0.0
2.559282e-05,0.0
2.7799756655172413e-05,0.0
2.7799998827586212e-05,0.0
3.0444253793103448e-05,0.0
3.3094512275862076e-05,0.0
3.327031936666668e-05,0.0
3.706513620689655e-05,0.0
3.837758533333333e-05,0.0
4.4773831666666666e-05,0.0
4.478824343333333e-05,0.0
4.860614666666669e-05,0.0
5.118148956666666e-05,0.0
5.427062534482759e-05,0.0
5.4276195862068955e-05,0.0
5.5596692689655175e-05,0.0
6.139619366666668e-05,0.0
7.810113413793104e-05,0.0
8.189851403333336e-05,0.0
8.698919513333332e-05,0.0
9.08570702e-05,0.0
9.398705537931034e-05,0.0
9.724493333333333e-05,0.0
0.00010189896655172416,0.0
0.00010620908886666667,0.0
0.00011516457776666665,0.0
0.00012042621758620691,0.0
0.00013634576344827583,0.0
0.00014204477466666667,0.0
0.00014294502206896553,0.0
0.00014952960344827586,0.0
0.00016943701403448268,0.0
0.00017019779400000002,0.0
0.00017200986310344826,0.0
0.00018809750606666668,0.0
0.00019451115406666667,0.0
0.0002469506195333333,0.0
0.0002508178000000001,0.0
0.00025464310666666653,0.0
0.00025678208896551724,0.0
0.0002661739907,0.0
0.0002762979030000001,0.0
0.00030837518086666675,0.0
0.0003096604275,0.0
0.00035474460689655167,0.0
0.000356103046137931,0.0
0.00035610479206896564,0.0
0.0003645842063333333,0.0
0.00037619094,0.0
0.00038239353772413797,0.0
0.0003928348473333333,0.0
0.0004171757465333333,0.0
0.00042744677137931036,0.0
0.0004500948600000001,0.0
0.0004657985739999999,0.0
0.0004734719072,0.0
0.0004951048193103449,0.0
0.0005463807966333334,0.0
0.0005540524626666668,0.0
0.0005597350229310347,0.0
0.0006638190729999999,0.0
0.0006664907476666666,0.0
0.0006716413406666666,0.0
0.0006869619313333332,0.0
0.0006920051126666669,0.0
0.0007294055549666666,0.0
0.0007306051336666664,0.0
0.0007459025993333334,0.0
0.0007518960316206897,0.0
0.0007611838662068968,0.0
0.0007796478882758621,0.0
0.0007921235759999997,0.0
0.0008433108796666666,0.0
0.0008765826303333332,0.0
0.0008855208968965518,0.0
0.0009356197531034485,0.0
0.0009392253286666666,0.0
0.000946964667,0.0
0.0009635307772000002,0.0
0.0009708703345833336,0.0
0.0010388260513333333,0.0
0.0010603241375862068,0.0
0.0010758963210344824,0.0
0.0010940335161666668,0.0
0.0011526068120000007,0.0
0.0012175895017241378,0.0
0.0012282454462068967,0.0
0.0012794913646666669,0.0
0.0013345879423333333,0.0
0.0013895391787931038,2.56
0.0014217668682758619,0.0
0.0014265874813793105,0.0
0.001438358139333333,0.0
0.001471635056,0.0
0.001542238251724138,0.0
0.001615691398,23.954761904761906
0.0016383259080689654,0.0
0.0016489731516666668,0.0
0.0017487525344827585,0.0
0.001850419229,3.6533333333333333
0.0018528598456666664,0.0
0.0018656662596666668,0.0
0.0018699148013793106,0.0
0.0018831484467931039,27.022857142857145
0.0019374660551724145,0.0
0.0020051966493333327,0.0
0.002159694008275862,27.750952380952377
0.0021765761446666666,0.0
0.002202877719,43.41333333333334
0.0022054319846666662,33.020476190476195
0.002218705,0.0
0.0022514848816666674,4.526666666666667
0.002251783169206897,5.365714285714286
0.0022560805666666677,0.0
0.002324609758620689,0.0
0.002445218836206897,14.1
0.0025417145,0.0
0.0026350049782758607,75.77904761904762
0.0026849175524666646,51.73190476190476
0.002700129980000001,0.0
0.002704928066551725,170.07333333333332
0.00277697229,17.608095238095242
0.0027898978513333336,23.037619047619053
0.002838054505,0.0
0.00286904858,0.0
0.0028885420862068967,0.0
0.0030869890448275857,23.69333333333334
0.0030957905600000005,24.339047619047623
0.0034551432533333325,0.0
0.0035430156366666674,13.453333333333335
0.0037315805733333326,62.0561904761905
0.0038204958,57.032857142857154
0.0038972908827586217,33.85333333333333
0.0042056504241379305,18.324761904761907
0.004263702748275861,16.07476190476191
0.004388399575862068,0.0
0.0044044479416666645,112.15761904761905
0.0046015545931034465,0.0
0.004778335083333334,58.82333333333333
0.004854238403333335,157.09857142857143
0.0055109736,63.75476190476191
0.00552107608,351.0533333333333
0.005539939377931035,85.4533333333333
0.0057227409633333354,36.61333333333333
0.005723377333333332,186.14000000000004
0.006188787320689657,90.63190476190478
0.006231229831666667,133.97095238095238
0.006374143527586207,17.1
0.0063746502151724145,148.84047619047618
0.006391936986666666,103.54428571428569
0.006653467427586207,82.74666666666664
0.00682581012,129.2380952380952
0.007324902536666665,140.7866666666667
0.007683457437931035,312.4642857142857
0.007828918936666665,145.90666666666667
0.007878695741379312,165.53666666666666
0.008118414192307691,178.8326923076923
0.00815080014666667,195.2147619047619
0.008281000509999999,184.99190476190475
0.00841530758965517,242.07142857142856
0.00842636641333333,235.79952380952375
0.008820019756666667,182.73285714285717
0.009439237389655172,244.03952380952373
0.009608953451724135,258.93523809523805
0.00985059336,262.5257142857143
0.009882228418181815,390.18181818181824
0.009895099116666669,289.5109523809524
0.009915328268965516,221.89142857142863
0.01010098071,278.75666666666666
0.010400447359999999,296.4866666666667
0.010401671813793102,242.75666666666663
0.010471804437931036,333.9780952380953
0.010639096900000002,338.18238095238087
0.011056505141379314,338.4366666666668
0.011138534544827584,293.2147619047618
0.011193384366666666,318.20619047619044
0.011217698296666669,281.1738095238096
0.011398968483333329,252.44952380952384
0.01179843906,315.74809523809523
0.012174075270000004,252.25809523809525
0.012720857172413794,306.3095238095238
0.012961978146666669,331.9933333333332
0.013038686723333331,313.557619047619
0.013065547959999998,309.00666666666666
0.013198118062068968,182.5533333333333
0.013393187863333334,424.7266666666666
0.013540632236666664,291.28761904761905
0.013587657275862069,253.48190476190484
0.0138440747,446.1223809523809
0.013956195679310349,426.36666666666673
0.014159583813333331,312.48857142857145
0.014498436850000001,413.30619047619047
0.014636309189655175,459.84238095238084
0.014655161003448275,412.0028571428572
0.014767772350000003,452.7009523809524
0.01504641874137931,368.22666666666674
0.015087458775862072,442.44809523809533
0.015424886172413794,399.2766666666666
0.015877695206896553,509.4971428571429
0.015981422224137933,474.0733333333334
0.016158971420689654,372.96571428571417
0.016472943743333333,485.81095238095236
0.01679531105,494.4271428571429
0.01701278393333333,512.2266666666667
0.017075701400000004,425.12952380952385
0.01736827567666667,541.1914285714287
0.017387045366666666,544.5047619047618
0.017670196023333334,434.0661904761905
0.017809343366666668,560.7490476190476
0.017895229583333342,545.24
0.0180381478,576.6333333333333
0.018104724241379308,406.7533333333334
0.01837046603333333,530.2542857142856
0.018554283716666658,569.7500000000001
0.01904046813793104,579.06
0.01914148727586206,608.5104761904762
0.01923344485,615.0866666666667
0.019249667965517244,603.7152380952383
0.01960697636206897,619.6466666666666
0.01972617453333333,580.5328571428571
0.019893946966666663,593.2871428571427
0.02032575918965517,639.6866666666667
0.020901374103448268,678.8866666666668
0.021037668724137933,587.1795238095237
0.021270481482758626,704.8076190476191
0.022020528800000005,678.8100000000002
0.02214994131034481,701.82
0.022495079966666675,758.8538095238097
0.02290971024137932,742.8666666666667
0.023002951250000004,730.475
0.023246327133333328,600.8461904761905
0.0235144601,696.3147619047618
0.023538252833333332,732.2933333333334
0.024259650620689664,782.6295238095238
0.0243275859,718.7199999999998
0.024655427206896542,778.6838095238095
0.025263765344827587,845.9600000000003
0.026291506733333338,790.055238095238
0.0265587502,674.7090476190476
0.026757117896551733,824.3638095238093
0.0270350241724138,835.1233333333334
0.027178393833333328,629.3885714285714
0.027271721366666668,798.4252380952382
0.027511919400000005,655.3085714285714
0.02754585024137931,691.9300000000002
0.02756176220689656,811.8066666666666
0.02757326743333333,814.04
0.028108940666666662,880.327619047619
0.028155148965517237,847.7733333333334
0.0282602015,891.9409523809526
0.02949311579310345,906.0533333333334
0.029605416400000008,857.6552380952382
0.03033612824137932,926.0866666666667
0.03035270925,987.75
0.030452028896551724,778.6442857142857
0.030799943183333324,989.419523809524
0.031105246600000008,944.0166666666668
0.031149436500000006,706.7104761904762
0.03118078355172415,942.8909523809523
0.03132175373333334,778.3666666666666
0.03192936176666668,806.4642857142858
0.031953230666666665,1186.08
0.032586148033333324,1049.8376190476192
0.03296412023333334,500.8880952380952
0.033318140899999994,1151.7761904761905
0.033420480933333316,1037.0619047619048
0.03349275517241379,1032.5990476190477
0.034425974,1100.9133333333334
0.03446178596666667,1032.4666666666667
0.03452098193103448,884.875238095238
0.035089967517241374,832.7733333333333
0.0351802419310345,1032.84
0.035235590241379317,830.6933333333333
0.0355508631724138,1082.1828571428573
0.035717042233333336,1147.0585714285712
0.036078707733333326,1154.8785714285714
0.03623032527586207,1220.3533333333335
0.03644408293333334,917.9580952380952
0.036559651482758616,1199.172380952381
0.036692230033333335,1150.6138095238096
0.036873474400000016,1250.3266666666668
0.03754341286666666,1274.12
0.0382369183,1294.06
0.038989310000000006,1234.7333333333333
0.0392247689,1197.7004761904761
0.03973962603448275,1352.3466666666666
0.03997501327586206,1226.767619047619
0.03997772796551724,1322.6414285714286
0.04000003065517242,1244.742857142857
0.040750378655172406,1312.7533333333329
0.040768901827586204,996.874761904762
0.040956966758620685,946.8542857142855
0.041041058633333335,1216.1480952380953
0.041058936827586205,1309.84
0.04119298482758621,1405.6309523809525
0.041514127666666664,1326.6666666666667
0.04223837116666667,1278.2733333333333
0.042435399000000006,1284.2057142857145
0.0424576224137931,1037.4066666666668
0.043242275793103455,1372.7085714285718
0.043538642166666655,1393.9985714285713
0.043883079066666664,1516.4880952380954
0.043911696137931035,1517.74
0.04411902096785714,1813.8615384615384
0.04415044643333333,1336.060476190476
0.044439674000000005,1103.2799999999997
0.04570778106666666,1490.9333333333334
0.046873134166666684,1565.8495238095245
0.046955436766666685,1552.787619047619
0.047666922,1497.9885714285713
0.04783692106666667,1457.4433333333334
0.04804401669999999,1545.6228571428574
0.048138771399999995,1560.523333333334
0.04825981436666666,1522.8514285714284
0.04835920853333333,1667.2485714285715
0.0485714671724138,1565.6800000000005
0.0489493161,1488.494285714286
0.04945928539999999,1488.0438095238096
0.050220479896551734,1224.6
0.050842255482758635,1579.0414285714292
0.051105026266666666,1784.7366666666665
0.05144847536666667,1264.0933333333335
0.05222477360000001,1568.9609523809524
0.052284415482758605,1326.4066666666665
0.05268096189655172,1734.3285714285712
0.052823121310344834,1643.3885714285711
0.052991984033333335,1334.6133333333335
0.053259642333333336,858.4300000000002
0.053571809533333334,1770.1180952380953
0.0536429102,1713.8580952380944
0.053980174827586214,1751.9104761904764
0.054126066448275854,1362.166666666667
0.054603353517241375,1651.7614285714287
0.054725162000000015,1793.7428571428563
0.05473411336666667,1797.7485714285715
0.054980724241379314,1907.8785714285714
0.05532880562068965,1784.3866666666668
0.05539037006666668,1804.5642857142857
0.05599514326666668,1805.4133333333332
0.056469907827586215,1740.1204761904764
0.05653500182758621,1387.1057142857142
0.056993227600000015,1724.2838095238094
0.05730832275862069,1845.6666666666665
0.057889430433333326,1811.0400000000006
0.05849952396551725,1931.0866666666666
0.058712884000000014,1539.1485714285716
0.059005174931034486,1945.2780952380947
0.05963833013333335,1625.3347619047613
0.05989152889655173,2073.382857142857
0.060774845600000016,2014.8957142857141
0.06092558816666665,1892.047619047619
0.0611145239,2040.4880952380954
0.06140149103448275,2038.9604761904761
0.06153591289655173,1559.088571428572
0.06184077003333334,1893.787619047619
0.0626689252413793,2211.133333333333
0.06345681537931032,2203.3066666666664
0.06378487189655173,2054.8623809523806
0.06462422862068964,2150.586666666667
0.06519041240000001,2295.434761904761
0.06533801489999999,1659.7752380952375
0.06547958555172416,2133.54
0.06554253462068968,2421.28
0.06572767986666668,2004.1114285714286
0.06599269224137931,2055.6680952380952
0.06609004076666668,2059.465714285714
0.06656501150000001,2278.860000000001
0.06677243746666668,2374.114285714286
0.0668117974,2091.046666666667
0.06696550436666665,2197.7514285714287
0.06697427943333335,2169.257619047619
0.06707050489655172,2218.140000000001
0.06716274853333334,2138.4866666666667
0.06717903056666663,1656.14
0.06797934979310345,2118.970952380952
0.06799978844827588,2245.180952380952
0.06810298441379313,2090.739523809524
0.06820399682758624,1881.1400000000006
0.068217775,2357.8314285714278
0.06851235596666667,2253.3366666666666
0.06854380641379311,2257.661428571429
0.06869071106666667,2243.5538095238103
0.06881521093333336,1682.7199999999998
0.0694368633448276,2247.4266666666667
0.06970666746666668,2385.6842857142865
0.06974382003333332,2260.7571428571428
0.0703298707,2172.04380952381
0.07050335993333333,1823.5266666666669
0.07117869575862071,2194.3404761904762
0.07128600286666667,2249.4866666666667
0.0715662028,2381.3266666666664
0.07156959826666667,2266.713333333333
0.07171494503448278,2302.166666666667
0.07294627309999999,2325.4723809523803
0.07621326627586204,2567.413809523809
0.07659288479310344,2444.554761904762
0.07760116562068964,2158.733333333333
0.07978060466666664,2623.153333333333
0.08098841976666665,2579.88
0.08115156783333335,2667.5733333333333
0.08151787206666668,2556.239523809524
0.08152478172413792,1333.5066666666667
0.08163828896666665,2854.2566666666667
0.08172219089655172,2445.089523809524
0.08272998570000001,2020.8719047619045
0.08304909613333332,2699.924761904762
0.08364883633333331,2623.6680952380952
0.08381684206666667,2957.9666666666662
0.08389501562068966,2648.2019047619056
0.08450673193333336,2105.275238095239
0.08453727883333331,2751.1957142857127
0.08461594241379312,2702.67761904762
0.08529881244827585,2775.7066666666665
0.08537821751724138,2767.32
0.08538143889655171,2097.5066666666667
0.08588525603448276,2962.2066666666665
0.08667768896551725,2708.164761904762
0.08742519223333335,2438.564285714285
0.08755691486206894,2790.566666666666
0.08776221524137931,2772.872380952381
0.08785231513793104,2239.432857142857
0.08790224866666665,2248.7604761904763
0.0886679892,2265.373333333333
0.0889491841,3006.633333333333
0.08907629162068967,2814.9423809523805
0.08949363004545455,3003.8699999999994
0.09030872096666663,2901.537619047619
0.09031640923333333,2940.7904761904765
0.09038434699999999,2837.1952380952384
0.09057324793333332,2279.851428571429
0.0909268875,2803.1214285714286
0.09129449736666673,2341.413333333333
0.09136578246666664,2218.042857142857
0.09243355263333332,2176.08
0.0926935086896552,2988.22
0.09327358475862073,3157.9266666666667
0.093825594,2960.5999999999995
0.09435344783333334,2908.801428571429
0.0944432277586207,2887.0
0.0949052116,2951.5133333333333
0.09533324936666664,2906.94
0.09552798176666663,2508.930476190476
0.0966307924137931,3210.449047619047
0.09715627726666667,3610.6266666666656
0.09721262427586208,2584.933333333333
0.09845073851724136,2421.5376190476186
0.0984749647,3196.9028571428557
0.09850793772413796,3081.5728571428576
0.0987987890689655,3007.509523809524
0.09898661365517243,3308.838571428572
0.09903143263333336,3258.8890476190472
0.0993941285333333,2366.106666666667
0.10070021549999998,2494.2866666666664
0.10144386958620688,3315.74
0.10198444279999999,3310.640476190476
0.10201110903333332,3350.153333333333
0.10257224534482758,3232.983809523809
0.1034958783448276,3450.897142857143
0.10355809917241378,3135.06
0.10396570089655173,3217.1109523809523
0.10432991066666666,2979.9009523809527
0.10460706640000003,3480.4600000000005
0.10463664246666668,3353.3119047619043
0.10481943872413793,3347.126666666666
0.10641866400000001,3859.485714285715
0.10685286923333333,1758.6933333333334
0.10687945123333334,3284.423333333333
0.107661149,2623.713333333333
0.10872140319999997,3683.7261904761895
0.11080772186666668,3743.65
0.11090714053333334,3407.8066666666673
0.1109246423448276,3887.9800000000014
0.11102465765517244,3692.642857142856
0.1114509436,3450.626666666666
0.1115232663,3634.9666666666662
0.1120032948965517,3887.392380952381
0.11209977148275864,2647.731428571429
0.1124340209,3484.299523809524
0.11246313539999996,3550.3652380952376
0.11258331562068967,3672.767619047619
0.11308179172413794,3757.261904761905
0.11425241579310345,4016.629523809524
0.11429491580000001,3561.5328571428577
0.11456082865517245,4029.6390476190477
0.11464126603333336,3630.150476190477
0.1147372735,3651.68
0.11480938776666667,3766.52
0.11505235650000001,3784.329523809524
0.11530533368965515,2846.9161904761895
0.1164797561724138,3681.004761904762
0.11678789733333332,3638.2066666666665
0.11711451627586204,4007.647619047618
0.11721274126666666,3927.795238095239
0.1183198545,4146.49857142857
0.11863151443333332,3893.9138095238104
0.11939031196666668,4105.1057142857135
0.12041290346666662,4098.588095238095
0.120616978,4288.719999999998
0.12230716333333333,3998.8438095238103
0.12233871350000004,3665.6095238095227
0.12233988072413793,4081.580476190476
0.12363721017241378,2811.9
0.12487838906666665,3085.9057142857137
0.12499838379310348,3809.623333333333
0.1258943477586207,3995.1666666666656
0.12646092380000004,3949.5128571428577
0.12705765549999998,4074.069523809524
0.12711576119999998,3700.975238095238
0.1285143323448276,3336.122380952381
0.129202366,4207.5461904761905
0.13000596037931034,3990.224761904761
0.13029957933333336,4325.933809523811
0.13039824565517244,4248.7585714285715
0.13124306466666674,3346.4
0.13198336703448274,4167.238571428571
0.13207047313333334,4384.822380952381
0.13225039066666666,4645.117619047619
0.13236614209999994,3229.7457142857143
0.13399855762068968,4269.2495238095225
0.13582042279310347,3534.276190476191
0.1358335086896552,4363.493333333333
0.13599763520689656,3353.6280952380957
0.13722421513793104,4335.4995238095225
0.13726897966666668,4387.038095238095
0.13768294444827586,4460.2
0.1379701603448276,3525.3076190476186
0.13908648831034484,4608.639047619047
0.13921505683333332,4497.111428571428
0.14026246066666667,4417.034761904762
0.14153495516666667,4239.173333333334
0.14360078489655173,4833.351904761905
0.14377502866666667,4573.736190476189
0.14381093673333334,4824.712857142858
0.14423279499999994,4935.38
0.14433234689655172,4693.419047619047
0.1447626058666667,3139.413333333333
0.1453918825,4218.086666666667
0.14550393313793106,4717.9071428571415
0.14678959275862066,4642.453333333333
0.14774971433333328,5309.43
0.1479487797333334,4673.9528571428555
0.148277224,4802.913333333334
0.14929392666666666,3350.76
0.1504371014,5194.679523809523
0.15062582379310346,4808.720476190475
0.15223404033333324,3494.735714285714
0.15277954966666668,4421.725714285714
0.15282240964285715,4823.068571428571
0.15406594880000002,3495.9638095238092
0.15443009216666664,3714.1709523809523
0.15446099482758616,5390.651904761904
0.15491887310344835,4797.83857142857
0.15575269344827586,5320.8133333333335
0.15670489899999998,5125.926190476191
0.15704940913793106,4954.152857142856
0.15724067766666666,3539.42
0.15775132883333332,5205.533333333333
0.15788659520689652,5518.042380952382
0.15876288966666666,5272.815714285714
0.15879679724137932,5235.207142857142
0.15898122966666667,5189.380952380952
0.1599183410344828,5444.624285714284
0.1600963385,5111.046666666665
0.160934984,5498.294285714286
0.16099217917241382,3577.665714285715
0.161106645,5161.9742857142855
0.16158817741379308,5228.82
0.16161584655172415,5123.64
0.16240019,4842.041428571427
0.16287006586206898,5425.540000000001
0.16382623933333335,5338.0223809523795
0.16457899241379312,3532.394285714285
0.165160775,5510.630476190476
0.16681942655172416,5553.460952380952
0.16742448034482765,5559.1009523809535
0.1676162806896552,5317.326666666667
0.16798548033333333,5481.199999999999
0.16975518900000006,5549.509047619046
0.16996520433333334,5606.330952380951
0.1701928875862069,5979.434285714286
0.17096872551724138,4233.003333333332
0.1725242038,5871.724761904763
0.17389587655172414,5547.333333333332
0.17391671880000004,5445.36380952381
0.17411597166666665,5516.687619047619
0.17420704633333334,4623.875714285714
0.1742252924137931,2833.2066666666665
0.1742421517241379,5881.867142857143
0.17535908133333333,5888.173809523809
0.17567649946428573,5891.509999999998
0.17586981689655173,5706.124761904764
0.17602639896551722,5098.398095238095
0.1780584679310345,4007.2466666666664
0.17877982233333334,4622.20619047619
0.17878593910344834,5187.567619047621
0.17879275666666666,5785.796190476191
0.1800321872413793,5862.802380952383
0.1816261371428572,4618.219743589744
0.18176581310344828,6162.166190476191
0.18185742689655168,5325.154285714286
0.1821246916666667,6207.568095238094
0.18213610482758616,6023.786666666666
0.1824975713793104,5909.113333333333
0.18432292133333333,6314.8785714285705
0.18470011599999994,6514.9080952380955
0.18502129413793106,6116.76
0.18531874517241384,6102.664285714284
0.18541175233333332,6078.2219047619055
0.18547027933333332,4665.106666666667
0.18553303133333326,5342.610476190476
0.1857099906896552,6160.52
0.18586289733333333,5928.320476190476
0.18759207666666666,4960.467142857145
0.1898316065,6129.985238095239
0.19125312766666666,5132.866666666667
0.1916870813793104,4282.948095238095
0.19172194633333334,6512.576666666666
0.19330014600000006,6353.34
0.1933547477,4147.82
0.19419733172413794,6720.701904761904
0.19421160080000005,6386.385714285715
0.1950515210000001,6685.22
0.1950850521333333,5088.407142857143
0.19540257286666665,6972.48
0.19661002344827588,6581.8509523809535
0.19778686862068964,5537.123333333334
0.19784830400000009,6630.744285714286
0.19906067366666666,6723.949523809521
0.19945048366666665,6733.253333333332
0.1999448096551724,6427.869523809522
0.20084684100000005,6118.149523809524
0.20114150517241366,6502.986666666665
0.20312734896551726,6600.9138095238095
0.20328066655172414,4176.7814285714285
0.20342601883333333,6758.865714285714
0.203640675862069,6634.6704761904775
0.203801124,6389.254285714287
0.2062072193333333,5243.0257142857145
0.20627422933333334,6788.992380952379
0.20671456379310346,6195.345714285714
0.20671780533333334,6716.085238095238
0.2079072020689656,6387.034761904762
0.20821146533333326,6942.203333333333
0.20992171689655176,4573.213809523811
0.21077820233333336,7472.5395238095225
0.2136168020344828,5605.526666666668
0.21363942,7236.466666666666
0.21455777551724145,7122.7071428571435
0.2154493851724138,7078.620476190477
0.215982752,4747.36
0.21608561448275865,6865.586666666666
0.21757411482758626,6660.532380952382
0.21827109366666672,7391.9000000000015
0.2182872136666667,7004.706666666668
0.21839448633333333,5662.079047619048
0.21887911200000004,5020.969047619048
0.21924623758620693,7005.188571428571
0.21992772866666668,7492.43
0.21999846689655173,6712.1433333333325
0.220836565,7786.6376190476185
0.22094242366666667,5576.665238095238
0.22149341333333333,7377.195238095239
0.22228577400000005,7246.648095238094
0.22262790666666665,7442.35523809524
0.22303452566666676,7218.853333333333
0.22351645241379312,4939.266666666666
0.2240962596551724,6008.6857142857125
0.22458945655172413,7226.421904761903
0.22473999766666666,7634.246666666666
0.22475778206896552,5874.993333333333
0.22493482896551725,5765.27380952381
0.22506638793103448,7649.705238095236
0.2255481000000001,7408.853809523808
0.226475932,7288.7047619047635
0.2288779286666667,7708.201904761904
0.2290580524137931,7208.8785714285705
0.229912392,4856.986666666667
0.2300879279310345,7973.186666666667
0.2302861731034483,7666.6776190476185
0.230661987,6494.06
0.2334034700000001,7654.924761904761
0.2355763336666667,7418.511428571427
0.23564859999999999,7874.98
0.235718252,7276.105238095237
0.2368948016666667,7794.735238095239
0.2370183289655172,8087.519999999998
0.2370234883333333,7922.062857142856
0.2372463603333333,7470.413333333334
0.237599299,6015.310476190477
0.23810992862068964,6387.045714285717
0.23820263066666664,7846.240476190474
0.23852334310344825,8877.599523809524
0.2387451663333333,7209.746190476191
0.2399335173333333,8071.259999999998
0.24050961137931035,8337.27
0.2418249106666667,4809.708571428572
0.24257451166666666,7896.592380952379
0.24264491448275866,7863.040000000001
0.2440764480000001,8025.853333333333
0.2446072813333333,8100.710952380952
0.2447895886666667,8302.36
0.2451468573333333,7986.613333333334
0.245755635,7167.462380952382
0.2459549753333333,7945.800000000001
0.2460547723333333,6287.973333333332
0.2461143841379311,8288.973333333333
0.2461391513333333,8153.153809523808
0.24918072966666666,5102.243809523809
0.25256509366666663,8212.715238095238
0.25257192500000003,7856.023333333333
0.253675025,7451.5723809523815
0.2541694768965517,8435.640000000001
0.25528873866666674,8581.575238095238
0.2557180766666667,8641.310476190476
0.2564901431034483,6778.63
0.25887760766666673,8610.877142857144
0.26033283931034484,8887.949999999999
0.2613326248275861,8444.221904761906
0.26160073655172417,4859.490000000002
0.26211867866666666,8081.417142857143
0.2627643006896551,7971.31523809524
0.26326702966666665,8492.77238095238
0.2635695233333333,8244.935714285715
0.2653666793103449,9127.79
0.26567803620689656,9003.86619047619
0.2661915168965517,8797.019523809526
0.26698996733333336,7634.821428571427
0.2697951396551724,8906.723809523808
0.2699164865517241,9515.89619047619
0.2707068873333333,9233.866666666667
0.27178961666666673,5534.891428571429
0.273803273,7271.1214285714295
0.2743211493333333,6113.140000000001
0.2746237575862069,8883.21238095238
0.2751795737931034,9111.219999999998
0.27534004103448273,9204.340952380951
0.275874822,9404.252380952381
0.27593005241379315,8989.787142857142
0.2766070663333334,8443.792380952382
0.277260079,5993.366666666666
0.27739343233333325,7252.44
0.27755797172413793,6050.516666666667
0.27796129100000005,7446.186666666667
0.27845606966666675,7486.260000000001
0.2785615713793103,9066.5
0.2795773376666665,9112.459523809524
0.2804657803333333,6068.366666666666
0.2808776558620689,8057.530952380954
0.2816243653333333,8748.71380952381
0.283091291,9297.790476190476
0.2837699573333333,9507.649523809523
0.2848750106666667,9925.59714285714
0.2858397853333333,9759.472380952378
0.28608103700000004,9356.278095238094
0.286445456,9228.886666666667
0.2880156582758621,9960.244285714283
0.2884730410344828,10186.524761904762
0.2887335241379311,9899.761904761905
0.2889376348275863,9675.270476190475
0.2893271926666667,8889.230952380953
0.2910304896666667,6036.041904761904
0.2914817913333333,9301.269047619047
0.2916627324137931,7473.67142857143
0.29187836999999994,9310.133333333333
0.29197195740000004,10297.415238095238
0.29287729966666665,9250.087619047621
0.2930965216666667,9532.229047619045
0.2933428420689655,8101.525714285712
0.29354441413793103,8839.047619047618
0.2940933110344827,6254.0
0.294314601,9289.439523809524
0.2954317716666667,9607.231904761904
0.295706478,9438.324285714283
0.29578429966666664,4510.639047619048
0.29618235413793104,9878.44
0.29826413333333324,9275.715238095241
0.299062996,10257.048571428571
0.29934499482758625,9765.133333333337
0.29945887448275865,7692.524285714285
0.30025401586206896,9733.8
0.3005127816666667,8829.581904761904
0.3013272230000001,9557.339999999998
0.3013766968965518,9389.08380952381
0.302462571,10077.79238095238
0.3040243293333333,9941.61238095238
0.304116098275862,9766.206666666663
0.3044036246666668,10231.766666666666
0.30493794344827585,10823.686666666666
0.304980821724138,8456.171428571428
0.3058852646666667,8476.396666666664
0.3063866934482759,10386.929999999997
0.30686620969999995,9071.19238095238
0.3071335886666666,10707.046666666667
0.309599092,10945.492857142857
0.3096930779310345,10884.326666666664
0.310395725,9546.169047619043
0.31113353166666674,10081.566666666668
0.31162243172413795,10647.740000000002
0.3116804148275861,10075.410952380953
0.31263366733333336,10083.876190476189
0.31267445655172416,9588.923333333332
0.3130934316666667,6509.3019047619055
0.3133076403448276,7735.673333333332
0.31382971068965515,10646.092380952385
0.3145418731034484,10815.386666666667
0.3145844658620689,11188.36
0.3148570596551724,6230.953333333334
0.3151637090000001,8557.279999999999
0.315477451,10154.246190476191
0.3167546243333333,10936.593333333334
0.31766502586206896,8379.639999999998
0.3180073086206897,10001.450476190475
0.3184037789655173,10246.957619047618
0.3194593531034484,11050.38
0.31960911966666666,8560.636190476189
0.3199997146666665,10298.57285714286
0.3206890286206896,10140.417142857144
0.3211485096666667,10439.021904761905
0.322284215,10758.652380952379
0.3232714083333334,10964.691904761909
0.32368616666666666,10182.483333333332
0.3241478868965517,10617.13761904762
0.3259178010000001,10771.670476190477
0.3271433133333333,10408.01857142857
0.3272701637931035,10078.293333333333
0.32736432333333343,11470.733809523812
0.3276802989655173,9734.538571428571
0.329804623,11126.340952380951
0.33048664,11189.726666666666
0.3308074673333333,11121.574285714285
0.3308099630000001,11287.435714285715
0.33087664241379305,7157.8
0.3311419660000001,8557.681904761905
0.3314189710344828,8713.986666666666
0.3314528773333334,10698.236666666666
0.3314760710344828,8793.273333333333
0.3315709863333333,7134.977142857142
0.3321471462068965,11092.110476190475
0.3334688676666668,10888.764285714286
0.33442328600000004,10150.901428571427
0.3349574768965517,11109.108571428571
0.3353806863333333,12251.978571428566
0.3365806126666666,8560.9
0.3367862144827585,9476.734285714288
0.3368159026666667,9610.738095238095
0.33750912999999994,11285.28380952381
0.33844649600000004,11258.52238095238
0.3388386143333333,6972.373333333335
0.3393964103448276,11140.756666666664
0.3397950134482759,10882.764761904762
0.3403715472413793,11507.998095238096
0.340420977,11093.575238095236
0.3407377748275863,11313.669523809524
0.34174078899999993,9578.816666666668
0.3425049133333333,11631.765714285713
0.3426622572413793,10750.36571428571
0.3435005653333333,7533.073809523808
0.3435623724137931,7090.110476190474
0.3440621627586207,11176.593809523809
0.3442403296551725,9958.264761904762
0.34462511633333337,9801.866666666667
0.3450704103448276,10987.67142857143
0.34508649700000005,7596.593333333332
0.3452762671034483,6757.499999999999
0.3459329543333334,11092.120952380952
0.3470472646666668,6548.303333333332
0.34737630279310344,11327.106666666668
0.3482828503448276,11630.614285714288
0.3484061356666667,11690.96
0.3485087883333334,11944.656666666666
0.3485793976666667,11134.916666666668
0.3489275079310345,5527.206666666668
0.35102938100000003,8904.044761904763
0.35126077400000005,10690.100476190477
0.3515134220689656,9457.22
0.3516789246666667,10127.865714285714
0.35262523700000004,11246.035238095237
0.3529456655172413,10247.570000000003
0.3532313366666667,11489.748571428569
0.3539153346666665,11692.643333333332
0.3541714110344829,11840.546666666665
0.3551979003333333,11319.866666666665
0.3553042960000001,11332.6
0.35632172399999995,12272.751428571426
0.35851389566666664,11476.451904761905
0.3591600466666667,7769.713809523809
0.3595941213333333,10844.583333333332
0.3597880143333333,11456.146666666666
0.3601402536666666,11738.19333333333
0.3604990543333335,9616.770952380952
0.36147923448275865,10658.305714285716
0.3615275644827585,12581.673333333332
0.3615315610344827,11642.917142857144
0.3624977403448275,12221.565238095236
0.3633468526666667,10981.003333333334
0.3634486806896552,12426.556666666667
0.3644395048275861,10956.174285714284
0.36461747466666666,8137.653333333333
0.3652829586206897,10997.614761904762
0.3653654527586208,11463.334285714285
0.3654319533333333,11777.040476190476
0.36761354046666667,13111.25761904762
0.36875262,9170.422857142858
0.3688924465517241,11199.373333333333
0.36921325482758616,11691.594285714285
0.369271392,11953.060000000005
0.36936321655172416,11473.339523809524
0.3713926027586208,12582.339999999998
0.3721497541379311,12449.395714285718
0.3730939703448277,12778.313809523808
0.3736760334482758,7862.16619047619
0.3745028272413793,12768.910952380953
0.374707374,10075.604761904762
0.3754210289655173,12516.091904761905
0.37682981103448265,8687.833809523809
0.3769944793103448,7478.400000000002
0.3771576586206897,12582.75333333333
0.377332969,11943.59333333333
0.37762451517241374,12289.881904761904
0.3780669756666668,0.0
0.3781839226666667,11273.196190476192
0.3787636724137932,10352.424761904762
0.379187229,7369.580000000003
0.37935767266666665,7646.271428571429
0.3794716983333333,12989.85
0.3810035668965517,13396.718095238095
0.3823716986666667,13289.160476190478
0.3824357034482759,13055.76285714286
0.3827413824137931,10737.986190476191
0.38291336333333337,10109.332380952379
0.3833340390000001,7616.79142857143
0.383355916,9868.545714285712
0.38341083766666667,10515.819999999998
0.38350876620689656,7630.146190476192
0.38405022600000016,3151.6880952380957
0.3843007586666666,12868.019523809526
0.3843689899999999,12778.869047619042
0.3844586831034483,10876.183333333334
0.38447198833333335,6064.193333333334
0.3852337089655173,8678.88
0.385321908,10114.771904761905
0.3861781230000001,12089.877142857144
0.3865036213793104,7293.675714285713
0.38670173068965535,13029.96
0.3869112479310345,8471.41
0.38710584600000003,13510.226190476189
0.3871848155172413,12904.51333333333
0.3881666475000001,1310.5846153846155
0.3886018355172414,12690.22
0.38863197827586216,8843.357619047621
0.3888253183333333,11260.517619047618
0.3893451389655172,10047.572857142857
0.39230410482758615,9792.950476190475
0.3926790326666667,13761.643333333332
0.3928341253333333,13241.13238095238
0.3930144640000001,13247.161428571431
0.3934120083333333,12599.598095238096
0.3934728033333333,10752.079523809522
0.3938052779310345,8856.56
0.39408880866666657,10842.473333333333
0.39480181517241375,13859.13761904762
0.394868714137931,12783.971428571429
0.3953201403333334,12306.028095238093
0.39615073448275856,6437.92
0.396698816,6473.313333333333
0.39770034600000004,12399.100952380957
0.3980809603448277,8480.7
0.3993899403448276,13726.013333333334
0.3995272593103448,12724.846666666668
0.400242852,13208.046190476194
0.4006817327666666,13167.813333333335
0.4013127146666666,12684.469523809525
0.40151026666666656,9993.772857142854
0.401902425862069,13745.15904761905
0.4030901289655172,13528.370476190476
0.4031365280000001,13270.026666666665
0.4040271739999999,13306.34285714286
0.4045281216666666,13119.66238095238
0.4045691006896552,9199.762857142856
0.4053368780000001,12513.15666666667
0.4056886073333333,13247.09761904762
0.4067320644444445,11446.406666666666
0.4068712906666668,12560.806666666667
0.4072016037931033,10239.534285714286
0.40779049241379306,14014.286666666667
0.4094117217241379,14169.370476190476
0.40946980466666666,13323.649047619048
0.4119583196551724,13489.620952380954
0.4127263533333333,7890.9
0.4136402620000001,12002.200476190475
0.4144524720689655,9283.019047619051
0.4145163073333333,12846.576190476191
0.41486237266666665,13214.600476190477
0.41683871166666653,13491.690476190472
0.4170626293333333,11851.356666666668
0.41741384551724137,10851.153333333332
0.4176225276666667,0.0
0.4183158365517241,13838.132380952382
0.4199067613793104,14124.253333333332
0.42163303,9085.473333333333
0.4229210006896553,13168.936666666665
0.42327925233333336,13453.873333333333
0.4238464179310345,13087.453333333333
0.4241206086666667,13932.631904761904
0.42442520266666667,9668.13
0.4251167727586208,9074.153333333334
0.42733382,14382.96
0.4276434196551724,14676.03
0.4279635396296297,14004.575824175829
0.4291123916666668,10058.633333333333
0.4304188627586207,14555.386666666665
0.4306667141379311,12329.71619047619
0.4310271809999999,14450.282857142856
0.4314839159999999,14951.698095238096
0.4321853633333335,11482.14
0.4327335193333333,12772.198571428577
0.4327976923333334,14177.82238095238
0.4331567996551724,13610.093333333334
0.4341270063333333,9119.64
0.4341903689655173,13896.894285714287
0.4350143279310345,14481.264761904758
0.435199468,14122.038571428568
0.43658024,11217.806190476189
0.4367032972413793,13192.516666666665
0.4372461570000001,10139.69714285714
0.437681084137931,11644.108571428571
0.43795049586206897,12078.373333333335
0.4384419389655173,11414.186666666668
0.43845090966666656,14233.259999999998
0.4389835762068965,14869.313333333335
0.4402719755172414,11755.599047619044
0.4402971343333333,14327.718095238091
0.4404601989655172,11957.473333333333
0.4410198099999999,14369.706666666667
0.441205682,11513.823333333332
0.44173680366666657,13065.369047619046
0.4417517606666668,14558.90619047619
0.4419189286666667,10972.588095238094
0.44296085333333335,11316.370476190476
0.4432097982758621,14129.07619047619
0.443339748,13911.713809523808
0.4435466976666667,11706.166666666668
0.44485236200000006,9805.046666666667
0.4468312662068967,13762.022380952378
0.4470176755172415,11906.684761904764
0.4472856822727273,14224.163636363635
0.4478052886666665,12136.706666666667
0.44808493899999996,10545.405714285711
0.4482866631034482,12052.231428571431
0.44863658866666667,14042.306666666667
0.4489276293333333,12620.51333333333
0.45013321310344817,14644.06190476191
0.4503316196666666,15014.406190476191
0.4504635889655173,14186.605714285713
0.4505056720689656,15409.959047619046
0.4515145148275862,13645.628571428571
0.451581596,15151.054761904761
0.4516247826666666,11621.94380952381
0.451743708,14979.090952380951
0.4517718568965517,15173.826666666666
0.4523513453333334,10203.871428571429
0.4523626286206897,11201.34
0.4531049243333334,13576.188571428573
0.453138228,9263.686666666666
0.4535888472413793,14784.673333333334
0.4539040027586207,14910.098571428573
0.4543418306896552,14162.407142857144
0.4550275753333333,12379.565238095236
0.4552620366666667,14923.906666666668
0.4553650786666666,14267.708571428571
0.4558197750000001,10670.965714285714
0.4576409150000001,10860.010476190477
0.4603070396551725,12344.507142857143
0.460747443,14739.919523809524
0.4610003879310346,15176.876666666665
0.4617634923333334,13375.270476190475
0.4619180646666666,11563.253333333336
0.4621243431034484,15119.273333333334
0.4625425624137932,14343.626666666667
0.4630431651724139,10636.22
0.464049278,11040.138095238095
0.464079111,13788.718571428572
0.4670698486666666,10807.65619047619
0.4671588324137931,14942.39190476191
0.4674810996666666,11018.011428571428
0.4686161110344828,12493.129047619048
0.4690195227586206,15227.405714285713
0.4691548053333333,14623.73333333333
0.4691874514814814,12811.092307692305
0.4692858168965516,14930.849523809524
0.4696381220689655,15521.81333333333
0.4708963844827586,15889.846666666668
0.470911494,13939.560952380954
0.4710798586206897,13345.164285714287
0.4717216579310344,15617.43095238095
0.473211835,14446.750952380951
0.4735442633333333,15745.961904761902
0.4748157786206896,12306.346666666665
0.4764366303333333,11352.160000000002
0.4792966316666666,15747.557142857146
0.4806955124137931,11480.073333333332
0.4807361641379311,7473.080952380952
0.4808237753333333,14805.55238095238
0.4812458190000001,14748.004285714287
0.4816418755172414,12588.539523809526
0.4836398434482758,10552.950476190475
0.4859102437931034,10158.017619047621
0.4868788256666666,16349.746666666664
0.4870487120689655,11057.164285714285
0.4885721723333334,12651.286190476192
0.4899591566666666,13697.88619047619
0.4912427266666668,3140.7228571428573
0.49224651,13999.199999999995
0.4925972475862069,12817.921428571432
0.492684559,14521.96
0.492802766,4962.125238095236
0.4930474616666666,16333.369523809519
0.4949221663333334,13443.606190476192
0.4949797946666666,12828.86
0.4951624596551725,8591.726666666666
0.4954889353333334,16593.002380952385
0.495570491724138,15143.809523809525
0.4957501996666666,15303.534285714282
0.4959789229999999,15304.828571428568
0.4981052958620689,12095.34
0.4982356875862069,14694.959999999995
0.4987673606896552,11243.5
0.4990015193103449,8116.49
0.4990866916666665,11863.605714285715
0.5005721016666665,10747.915238095236
0.5008327286666667,17096.117619047618
0.501239439,8362.254761904762
0.5014666836666666,12448.64714285714
0.5022143431034481,16730.173333333332
0.5034146970000001,0.0
0.5044548416666668,11416.393809523808
0.5044863772413792,12011.170952380951
0.5045320313793104,9472.912380952379
0.5056144153333334,15855.710000000005
0.5063876589655172,15687.341904761905
0.5077070613333333,12455.348571428569
0.5079747253333332,15875.43
0.5079887003333332,14549.608571428571
0.5087915496551724,11612.730476190474
0.5093152630000001,14071.28
0.5106229946666668,15154.705714285716
0.5109659972413794,16675.51857142857
0.511515428275862,14469.839523809522
0.5120760037931034,14594.586666666664
0.5135671423333333,13224.851428571426
0.5136595323333332,16868.86904761905
0.5137632668965518,12783.110952380955
0.5138264700000001,15984.693333333333
0.5144629306666667,12014.546666666665
0.5148884359999999,12149.12
0.5150724836666666,15009.029047619046
0.5171967406666664,10424.753333333332
0.517610407,11963.52
0.5181575251724136,13171.858095238093
0.5185651593103449,12397.271904761905
0.5190474620689656,13368.426190476192
0.5199972951724138,11536.786666666665
0.5200881703448277,17605.901904761904
0.5203204733333333,17500.507619047625
0.5206054248275863,15054.616190476192
0.521611014,15710.563809523806
0.5222235923333333,16811.40666666667
0.522234634137931,17126.277619047618
0.5222638476666666,13790.306666666667
0.523309134,15675.284761904759
0.5236087176666666,16600.78
0.5238575482758621,14679.499523809523
0.5250420731034483,12664.146666666667
0.5253698983333335,16429.016190476188
0.5259339126666669,16730.396190476193
0.5270469972413793,10776.784285714286
0.5273448070000001,12101.907142857144
0.5304539527586206,15759.042857142862
0.5305140446666666,17286.121428571427
0.5323032116666666,10248.597619047618
0.5332220434482758,11735.835238095236
0.5337677543333335,11903.494761904763
0.5355106165517242,14898.233809523808
0.5358374679310346,15864.659523809523
0.5366073751724137,16029.567142857144
0.5373073253333333,17379.06285714286
0.537373153,12302.103809523811
0.5408719786666666,13904.12666666667
0.541861241,11628.046666666665
0.5421353327586206,14008.324761904763
0.5421418333333334,14690.448571428571
0.5429974348275861,13833.683516483516
0.5435938762068966,13146.72666666667
0.5456832444827587,12328.408571428572
0.5468141826666666,14171.606666666668
0.5469249258620688,17921.015238095242
0.547218646551724,16292.486666666666
0.5480442070000002,10800.2
0.5490756356666665,18254.20333333333
0.5499689682758622,15514.132857142858
0.5528661323333331,12507.237619047617
0.5533222127586205,9683.186666666665
0.5547324962068966,13541.646666666666
0.556928267,13275.366666666667
0.5585220813333335,16568.740476190476
0.5598214465517241,15433.402857142857
0.5600057106896552,18384.569523809525
0.5609170755172413,14236.729523809525
0.5629444603448277,0.0
0.5634546516666668,14172.260476190477
0.5661604149999998,10930.62
0.566209544137931,14378.91
0.566235797,13926.506190476191
0.5665455406666667,18791.837619047616
0.5674552231034483,14218.86238095238
0.5685772948275861,13557.959999999995
0.5691819124137932,16845.880476190476
0.5693968248275864,3958.395238095239
0.5697500368965518,9232.46857142857
0.5697870562068968,14596.163809523809
0.5699424124137932,16717.666666666664
0.5704880843333333,14363.557619047617
0.5709116793103447,16053.013333333334
0.5712185906896552,13120.17333333333
0.5722676586666666,13423.970476190476
0.5731489579310346,19207.92904761905
0.574528772413793,8937.767142857143
0.5748088220689656,9890.746666666666
0.5751749540000002,18739.246666666666
0.5755358613793102,17498.956190476194
0.5767240336666666,14512.293333333333
0.5767309066666667,13722.342857142856
0.5782548813793104,17958.739999999998
0.5789413146666667,1781.9242857142856
0.5789609316666666,16532.306666666667
0.5824216149999999,10497.716666666664
0.5830057133333333,15203.453333333333
0.5839224203333333,15770.015714285713
0.5841201062068966,12107.231428571426
0.5855762653333334,12174.001904761906
0.5855804424137931,14813.366666666665
0.5865128013793105,13453.016666666665
0.5865618399999998,14528.16238095238
0.5872014193333334,10727.977142857142
0.5872391644827587,10266.35238095238
0.5876122955172413,13760.904285714285
0.5877528527586209,17334.65428571429
0.588649865,409.1266666666667
0.5889204568965518,13216.063809523808
0.5898400813333334,13796.141904761902
0.5902133286206898,10575.86
0.5906654517241378,15019.199999999995
0.5921279251724137,19083.026666666665
0.5930232706666668,14098.064285714285
0.5942283216666666,17444.22
0.5943270203333332,14729.595238095237
0.5943967366666667,15189.502380952381
0.5952845136666666,15103.166190476191
0.6007798837931035,10583.313809523812
0.602263703,13029.98666666667
0.6026225323333333,14801.120476190481
0.6034468239999998,0.0
0.6037395006666665,13660.139047619048
0.6037963470000001,14523.606666666665
0.6040004026666668,17054.258571428567
0.6046747926666668,10616.2
0.6050661937931036,15663.113333333333
0.6051379079310345,19133.233333333326
0.6070096273333332,17790.186666666665
0.6071182516666666,5990.160000000002
0.6081792393103448,11682.982857142857
0.608282797,14816.986666666668
0.6084145303333334,14592.581428571431
0.6086226563333335,10491.970476190476
0.6089637913333333,15697.357619047618
0.6100332046666668,18671.42952380952
0.6103561627586208,13738.513333333332
0.6121185824137931,15313.48857142857
0.6126659689655173,17273.492857142857
0.612939433,7896.113333333335
0.6130063813333334,13883.106666666668
0.6132955162068964,10508.25666666667
0.6136021413793105,14856.404285714285
0.6137585389655174,14532.946666666665
0.6149510469999999,15019.400952380953
0.6170584573333334,15184.178095238096
0.6177821153333332,14204.161428571428
0.6179401333333332,14357.653333333335
0.6180603946666666,11381.159047619049
0.6205650234482758,0.0
0.6219817166666666,11281.12
0.6223585434482761,17164.501904761906
0.6234992839999998,13403.049047619046
0.6243103806666666,19083.07285714286
0.6250153523333333,14553.823809523808
0.6253999813333333,17777.12857142857
0.6254762248275861,20359.967142857142
0.6259876306666667,14912.54095238095
0.6268134326666666,13170.277142857141
0.6296979582758623,14079.005238095242
0.6300300593333332,11143.806666666667
0.6340104356666667,15936.966666666665
0.6341718075862071,13976.78
0.6343520436666668,13640.915714285715
0.6353010537931034,14996.16238095238
0.6405311346666666,16127.507619047617
0.6406315396666667,9161.866666666667
0.6412408689655174,15274.666666666664
0.6423758776666666,13116.26333333333
0.6442910979310346,11044.624761904763
0.644651987,16266.488095238095
0.6451150216666668,14370.28857142857
0.6456942672413793,12614.214761904756
0.6470725131034484,8876.193333333335
0.6494585644827586,15510.773333333334
0.6501507796551723,12985.11761904762
0.6510247456666666,19627.95333333333
0.6510980537931034,16012.000952380951
0.6534224343333332,14204.475714285712
0.6538071269999999,20077.71952380953
0.6542055951724136,18697.333333333336
0.6559813148275864,15888.286666666665
0.6560674536666667,18539.486666666664
0.6565032462068967,18643.05904761904
0.6571986693333334,12320.322857142857
0.659905465862069,15453.868095238096
0.65995724,19459.42571428572
0.6602756279310344,15908.048095238091
0.6603211486666669,19335.431904761903
0.6607782920689654,11363.593333333334
0.6618464033333333,21131.016666666666
0.661985726,15700.525714285714
0.6634513303333334,17098.910476190475
0.663463731,12056.03
0.6639036466666666,15872.066190476191
0.6655635313793103,17066.119999999995
0.6675782790000002,17422.71428571429
0.6689661120689654,17502.05761904762
0.6693973010000002,14144.46
0.6698914724137933,19624.089523809525
0.6701499496666666,13389.926666666664
0.670690565862069,15778.324285714285
0.6707603986206897,17289.507619047617
0.6713539079999999,15767.413333333332
0.6725076190000001,14432.494761904763
0.6750354446666667,10958.679999999997
0.6756343696666666,15965.435714285713
0.6786606465517241,16618.49095238095
0.6787978413333333,13496.185238095239
0.6798200769999999,10740.444761904759
0.6808359306666666,20499.79380952381
0.6809812241379309,16030.836190476191
0.6810660216666665,17019.533809523808
0.681518345,20246.55333333333
0.6819333059999999,13797.64238095238
0.6825979027586205,16549.50904761905
0.6826072096551725,12515.521428571428
0.6849686296551725,12997.784285714288
0.6850179193103448,10774.28
0.6859530023333332,10482.791428571429
0.6860303113793103,14699.395714285713
0.6862952536666668,8603.323809523808
0.68664654,18272.444285714286
0.6869518420689655,14126.843809523809
0.6871823993103449,15725.287619047616
0.6874744083333333,9057.466666666667
0.6883862282758619,19720.437619047618
0.6885375613793103,17105.266666666666
0.6886449540000003,5498.685714285716
0.6887480663333334,9830.653333333334
0.6888711973333334,15151.646666666667
0.689092685,16001.473333333333
0.6903431299999999,17300.71285714286
0.6931028513333333,13019.131428571429
0.6936572341379309,17378.552857142855
0.6953102462068966,13353.623076923077
0.6963356251724138,17763.564761904763
0.6965329063333334,19192.155238095238
0.6975825462068966,17699.147142857142
0.6986531324137929,16854.62
0.6987364796666666,19666.89333333333
0.7018116086666666,18221.23
0.7018423813333332,15256.64
0.70216736,16365.330476190476
0.7024373413333335,20195.25380952381
0.7025942073333333,19594.02333333333
0.7030249227586206,19397.63333333333
0.7034089543333333,15014.742857142857
0.7042872753333334,14503.103809523804
0.7055703729999999,19964.40476190476
0.7064269782758623,16293.415714285715
0.7067424499999999,11977.514761904758
0.7075077343333332,11856.645238095236
0.7076214027586208,20916.294285714284
0.7076265589655172,13041.348571428569
0.7079482373333333,12309.55761904762
0.7106564423333332,12719.32666666667
0.7108921141379311,13467.516666666665
0.7109748358620689,16974.105238095242
0.710985943,15880.72
0.7126864326666666,20434.13190476191
0.7128923540000001,15130.033333333333
0.7133803710000001,10582.933333333334
0.7135236940000002,13185.05238095238
0.7137815336666666,13178.586666666664
0.7138214220000001,18914.999047619047
0.7139103179999999,12854.32
0.7139898656666666,15202.28380952381
0.7143508155172414,17717.393333333333
0.7156156220689655,18492.442380952387
0.7158687563333335,19492.670476190477
0.7166423916666665,12799.89087912088
0.718648328,12426.693333333333
0.7187795,8794.329523809523
0.7204940260000001,14688.032857142854
0.7209952,12086.687142857141
0.7214576427586208,16215.28
0.7243150323333335,17139.95380952381
0.7246776103333333,8689.745714285715
0.7266899831034483,19536.64095238096
0.7268661959999999,13363.815238095236
0.7274265558620692,12582.69809523809
0.7281766237931034,13029.143809523808
0.7296872236666669,17000.40095238096
0.7298151716666667,13827.324285714287
0.7303585513793102,17047.399999999998
0.7317601882608696,15660.337435897436
0.731962184,15947.421428571428
0.7321732966666668,18134.31333333333
0.7322839320000001,17191.741904761904
0.7324320716666668,14447.982380952382
0.7328439533333334,20858.606190476192
0.7330176780000002,17018.785238095243
0.7335446696666666,12143.041428571429
0.7339340326666666,14436.373809523808
0.7341478331034483,12155.746666666664
0.7342674090000002,15282.536190476192
0.7367161268965517,15654.226666666667
0.737069957,16325.321428571431
0.7394258875862071,7658.426666666667
0.739974206,16051.745714285715
0.740106457,16738.68666666667
0.7406371426666668,15843.439047619053
0.7410701599999998,15500.2
0.744102428275862,15127.646666666667
0.74495337,14861.566666666668
0.7452246323333331,14374.414761904764
0.7457961268965518,22226.36
0.7463281493333334,17007.04
0.7467538503333334,15692.093333333334
0.7474316673333334,14476.905714285715
0.747509839,7963.170952380955
0.7475488296551726,12696.67333333333
0.7484819603333333,10791.015238095235
0.7487384033333334,16788.320952380953
0.7504877179999998,20084.4
0.7514176462068966,12553.259999999998
0.7519769720689654,13195.028095238093
0.7521377041379309,20036.61333333333
0.7526609196666669,21194.826666666668
0.7529416256666669,12759.353333333333
0.7535172576666666,17724.273333333334
0.7538634593103448,13050.385714285712
0.754396708275862,13162.960476190476
0.754738481,18502.626666666667
0.7555059558620691,15370.668571428569
0.7561365073333336,14290.391904761904
0.7561615106896552,12015.805238095238
0.7566826427586206,19997.38666666667
0.7570201910344829,14260.520952380952
0.757183638,13210.029047619046
0.757962963448276,13742.522380952383
0.7581236731034483,20546.40523809524
0.7585735186206896,16919.540476190476
0.7594489110344829,16446.713333333333
0.7598188213333331,15050.046666666667
0.7605293333333331,15438.090476190477
0.7607933420000002,12496.496190476191
0.7612834286206894,17951.210952380956
0.7614740259999998,19021.700476190475
0.7622861868965517,10649.74476190476
0.7625164443333334,15049.71142857143
0.7639972810344828,10937.683809523809
0.7643584866666667,14442.05666666667
0.7644892783333334,5072.236666666667
0.765350568275862,15555.786666666667
0.7657678813333334,18164.61571428572
0.7658345263333334,11684.646666666666
0.7662448646666666,12550.12
0.7673453496666666,10938.149047619048
0.7678985600000002,12062.136190476189
0.7684594155172413,22953.67333333333
0.7684907340000002,0.0
0.769575577241379,16216.72761904762
0.7703641123333331,12737.953333333333
0.7707152826666666,11604.839999999998
0.7720220348275862,15261.606666666665
0.7722951262068966,14625.399047619048
0.7727462144827586,17112.139999999996
0.7730966213793103,16388.566666666666
0.7733386589655173,11047.166666666664
0.7733682055172415,16240.486666666668
0.7742790772413792,14305.61380952381
0.7750093720000001,13548.219999999998
0.7757806623333334,3434.028095238096
0.776167843,13853.122857142856
0.7762209313333333,19320.58666666667
0.7769413851724138,12540.481904761904
0.7771370329999999,8134.406666666669
0.777368767,15745.01952380953
0.7781043136666665,15191.64
0.7788566541379308,0.0
0.7789892303333334,16154.867142857143
0.7792082066666666,15629.225
0.7809350141379309,8405.513333333334
0.7823134841379309,16801.760000000002
0.7826601940000001,13697.49
0.7856176037931033,14307.80238095238
0.7860884686206898,14398.516666666665
0.7883443606666667,19132.94666666667
0.7900291168965518,13294.570476190476
0.7908359968965515,21132.76523809524
0.79107714,15399.982857142859
0.791683317,12424.319999999998
0.7916990476666667,12183.679999999997
0.7924297686206896,19733.29333333333
0.7929243776666666,11196.253333333332
0.7933978416666667,18601.24
0.7934317486206894,19942.59904761905
0.7935803124137931,15750.037142857143
0.7937635736666667,14029.789047619042
0.7940656137931034,3594.392857142857
0.7947275603333331,12388.497142857144
0.7953829000000001,16369.834761904764
0.795470549333333,15596.063333333335
0.795815186896552,12274.594761904758
0.7966550186206899,11766.003809523809
0.7973102444827586,13292.390476190478
0.7975343986206896,19055.24380952381
0.7980341431034483,14140.40714285714
0.79805604,10630.06142857143
0.7983531075862069,17425.5
0.7988914876666666,12784.864285714288
0.7990305310344827,8501.933333333332
0.7992798963333334,13597.523333333334
0.799745994,19059.164285714283
0.7998285427586208,14833.030476190474
0.8002419046666666,12770.900952380953
0.8011764662068966,12454.586666666664
0.8029641082758621,12764.625714285712
0.8040098256666666,11949.614761904759
0.8057083706896551,17941.646666666664
0.8086245521428573,17015.59395604396
0.8099763006666667,15844.86
0.8106055340000002,13620.240000000002
0.8117192696666667,14142.764285714286
0.8125590883333333,3193.010000000001
0.8129037663333335,15981.880952380952
0.813154215,23350.12190476191
0.8137932979310345,21041.50428571429
0.8138235590000003,17857.63333333333
0.8140237236666666,17254.90380952381
0.8151929123333334,12771.946666666667
0.8167053623333334,19014.211904761905
0.8169313475862069,17614.010000000002
0.8183672462068966,13279.923333333332
0.8190595527586207,13857.900952380953
0.8195056796551724,15845.546666666665
0.819605862758621,11843.96761904762
0.8202640759999998,12718.292380952384
0.820300996,13707.14619047619
0.8205244800000002,16922.141904761906
0.8207219526666667,13384.829999999998
0.821054863,17822.166666666668
0.8235497586666667,20291.684761904762
0.8242602379999999,19405.666666666668
0.8256354096551725,13391.940000000002
0.825664062,11072.336190476191
0.825711697333333,12139.844285714285
0.82612858,18774.32
0.8266699910344828,15349.54
0.8270961906666667,15222.673333333334
0.8272664623333335,18562.054285714286
0.8276894493103449,4723.733333333334
0.8280756470000002,14139.926666666668
0.8280959379999999,18570.72047619048
0.8282022053333331,2450.982857142857
0.828360965,17802.396190476193
0.8284374166666667,4726.183333333333
0.8295012827586208,19992.173333333336
0.8296770282758622,13908.090952380951
0.8298047317241378,12994.733333333335
0.8306483269999998,16681.492857142857
0.8313699896666666,16775.294761904763
0.8315519148275862,11227.38
0.8319279393103448,12374.34
0.8328051736666666,19438.78
0.8343676568965517,15211.246666666664
0.8346098513333334,17561.54095238095
0.8365737737931035,10853.013333333332
0.8372840246666668,16824.370476190477
0.8373957075862071,23157.680952380957
0.8379443868965518,18242.933333333334
0.8388255679310342,15465.54
0.839523890689655,16774.86904761905
0.8408771333333332,3398.9038095238093
0.8409387246666667,16322.097142857143
0.8414354963333333,17928.887142857144
0.8430181390000001,4815.880000000001
0.8434504773333334,12559.706666666665
0.8438060293103448,19048.171904761904
0.8438206080000002,16089.254761904764
0.8444396041379308,13316.653333333332
0.8451140272413794,13787.26
0.8456345582758622,17729.48238095238
0.8467225089655172,14880.955238095237
0.8470610855172414,13341.37904761905
0.8473476258620691,14876.287142857143
0.8487661903333334,15252.073333333332
0.8492220146666666,3585.333333333334
0.8493076746666669,14127.809523809525
0.8494377324137931,6171.892857142857
0.8500879662068966,19174.22476190476
0.8502744063333334,13712.165238095236
0.8504849924137933,15500.540000000005
0.850826361724138,18617.78952380953
0.8512524006896551,11846.633809523808
0.8537382513793103,17633.840952380953
0.8554158268965517,17481.529523809524
0.8556886543333333,10375.480476190476
0.8567388703333331,15259.310476190478
0.8573449146666666,12196.11095238095
0.8577585426666666,12964.896190476189
0.8601702520000001,24836.429047619044
0.8626964131034482,9435.158095238094
0.8630840616666667,13678.993333333336
0.8632760117241379,22783.876190476192
0.8641144379310346,5480.660000000002
0.8647803196551723,17334.638571428575
0.8660270623333336,17746.318571428572
0.8661959731034483,13694.47
0.8668503409999998,11017.02
0.8682732336666669,11624.798571428571
0.86941443,15726.330476190476
0.869698526,9945.472380952378
0.8701082106666665,14148.583333333332
0.8704650123333333,12063.133333333333
0.8708299762068966,17038.534761904757
0.8716502224137931,10753.62
0.8726596406666669,14644.926666666668
0.8731674043333334,1948.2133333333331
0.8748338506896551,17465.253333333334
0.8754993144827584,16158.818571428572
0.8757099556666667,11795.806666666665
0.875971959333333,11444.566666666668
0.8762817527586206,15034.273333333333
0.876769936,17892.292857142857
0.8782139643333334,3647.724285714286
0.8783041982758619,19292.7
0.8786557337931034,17315.758571428574
0.8787097734482758,12763.088571428569
0.8787766163333333,16734.816666666666
0.8801019616666667,15916.18
0.8813539596666666,10824.0
0.8822624380000001,11060.38
0.883623795,15637.74095238095
0.8840314858620691,17218.210952380952
0.8841375929999998,16186.071428571428
0.8842393555172413,17041.871428571427
0.8844608359999999,17585.426666666666
0.8847205834482758,5056.78
0.8849503783333331,15620.360476190475
0.8864955837931034,10394.0
0.8873814986666667,14971.369999999995
0.8877546427586208,12262.02
0.8887461020689656,5259.153333333334
0.8896266996666666,14115.469999999998
0.8902271979999998,5101.346666666666
0.8907123813793103,15844.686666666665
0.8915255531034482,15849.075238095236
0.891665506896552,10821.66
0.8919624448275862,9307.733333333334
0.8921483193333334,18309.7
0.8925049740000001,3941.5333333333333
0.8928550653333334,13940.739523809523
0.8930844131034481,15214.506666666664
0.8938536562068966,13308.623333333333
0.8944253741379309,10980.62
0.8944378663333334,16596.394761904758
0.8945636462068963,13211.36
0.8954739062068966,18686.08761904762
0.8960065056666666,12704.653333333332
0.8972975103333334,10942.45095238095
0.8976051606896552,16108.409523809523
0.8976214170000002,11811.561428571431
0.8978923863333333,17534.542857142857
0.8985497946666666,13360.105238095237
0.8986351363333333,14996.684761904764
0.8990759116666666,24824.873809523815
0.8998097250000002,23893.896666666675
0.9001118993333334,17576.486666666664
0.9002838820689654,3774.4604761904775
0.9003745003333333,11058.553333333333
0.9005759923333334,5156.593333333334
0.9013854026666666,18091.75333333333
0.9018453599999998,12743.955714285716
0.9020301976666668,15658.626666666667
0.9023842899999998,5155.554761904762
0.9029522003448276,14139.169047619047
0.9042468140000001,17768.745714285717
0.9044258709999999,3796.3866666666668
0.9044473933333332,12457.58
0.904509487,12146.973333333333
0.9047742513793104,16190.886666666667
0.9052871096666666,16263.636666666667
0.906127996551724,10834.233333333334
0.90615994,17283.327619047617
0.90696158,17528.093333333334
0.9072182727586204,13574.155238095236
0.9077990237931034,17673.04666666667
0.908015837,13773.714761904763
0.9080560733333332,18074.0
0.9083214753333332,10247.499523809523
0.9089151193103449,12716.126666666665
0.9092761316666668,9953.925714285717
0.9101380644827584,16905.486190476193
0.9112355296666668,13813.906190476191
0.9120311520689652,17949.17666666667
0.9121699306896552,3763.546666666666
0.9124897296551726,13367.746666666664
0.9128928013333332,9972.219999999998
0.9147767362068968,15407.943333333335
0.9149018331034484,11611.833333333332
0.9150036986206896,12767.568095238095
0.9164318455172416,13821.926666666664
0.9164784675862068,15922.274285714288
0.9167926003333334,15521.713333333333
0.9170147646666666,26630.50666666667
0.9172781244827588,17365.297142857147
0.9184480953333332,25125.95238095238
0.9187599279310344,16173.67333333333
0.9187809383333334,25219.500476190467
0.9191237226666666,12625.80666666667
0.919472782,16410.883333333335
0.9195128537931032,9824.152857142857
0.9196529563333332,14228.763333333332
0.9196886072413792,12801.919999999998
0.9198567633333332,17570.84857142857
0.9206189096666668,16026.385714285712
0.9207850323333334,12580.213333333333
0.9208775076666668,14028.457619047616
0.9209433376666668,16217.586666666664
0.9213555827586208,17283.906666666666
0.9223363586666667,17690.132380952382
0.922354443,9572.166666666666
0.9227391144827584,12212.28
0.922836151,16606.14285714286
0.9231444756666666,11634.293333333333
0.9234582183333332,5713.85
0.9247430913333334,12727.671904761904
0.9247903596666665,10237.78
0.9250587272413796,15379.158095238095
0.9256855569999995,12320.38
0.9260495819999998,9723.566666666668
0.9262770653333332,9953.2
0.9264382120689658,17838.13333333334
0.927123663103448,15476.28142857143
0.9279103813793104,15942.34
0.9284057110344828,9841.491428571428
0.929320679,12825.153333333335
0.9295386206896552,13402.763809523809
0.9298871575862068,9698.58
0.930322056,17782.99476190476
0.9304451733333332,17255.50904761904
0.9310419879310344,12357.363333333333
0.9315328379310344,15487.084285714285
0.9325944065517242,13967.48904761905
0.9333714176666664,16864.46
0.93505356,16862.486666666668
0.9369564706666664,19676.333809523807
0.9373386224137932,11713.757142857143
0.9374205993333332,13773.36
0.9375678951724138,14499.562380952382
0.937828005,12885.256666666668
0.938062118,12487.85809523809
0.9389363266666668,12502.980952380953
0.939489804,12813.176666666664
0.9395630633333332,13763.02
0.9401011872413793,14402.40904761905
0.9401133463333332,13993.696190476188
0.9409397846666666,20771.914285714283
0.941355501724138,14391.126666666665
0.9427802534482758,15369.94
0.943352708275862,18684.176666666666
0.9440981024137932,12874.12761904762
0.9449266858620692,13776.766666666665
0.9459829844827584,16853.392380952377
0.9469201943333332,16969.051904761905
0.9472872033333332,16128.946666666667
0.948619885,12651.853333333333
0.9489915310344827,12732.553333333333
0.9497544024137932,12878.313333333335
0.950091591,13565.814285714287
0.9527868706896554,15965.454285714288
0.9528012313333332,12922.666190476191
0.9532679909999999,12847.410476190476
0.9533445175862068,17059.7
0.953999098275862,15082.773809523811
0.9542261986666666,16617.29809523809
0.9552498431034484,12865.69333333333
0.9562375366666666,17661.64857142857
0.9579001053333333,17977.836666666666
0.9597550606666668,16648.401904761908
0.9603939863333336,26057.342857142863
0.9615564936666668,16228.28857142857
0.9660673000000001,18622.95952380952
0.9665070324137932,15787.213333333333
0.966886285,18936.802380952384
0.9674634931034484,16176.573333333336
0.9679210946666666,12296.933333333332
0.9682347324137928,15843.954285714288
0.9704477541379308,17757.355238095242
0.975599393448276,15941.286666666667
0.9771876234482759,18008.725714285716
0.9790904166666669,17586.326666666664
0.9797943403448276,16119.827142857146
0.9810386655172416,18292.120000000006
0.9867557566666668,17580.79
0.9870747082758621,20881.36619047619
0.9879320090000001,18009.660000000003
0.9896192403333331,17485.090952380953
0.9897816713333332,18031.70333333334
0.9929877596666667,16179.191428571428
0.9960414413793104,19932.439523809524
1.0313671876666668,16081.840000000002
1.0359709579310343,18423.81857142857
1.0410162006896553,18667.405238095238
1.0562036024137933,12598.599523809524
1.057177322758621,17441.79333333333
1.0608216526666665,15318.983809523808
1.0755276863333334,16493.59476190476
1.0797786666666669,8713.150952380953
1.083226548,0.0
1.0987660434482758,18504.2019047619
